<?xml version="1.0" encoding="utf-8" standalone="yes"?>
<rss version="2.0">
  <channel>
    <title>Caso práctico extendido 1 Unidad 3</title>
    <link>http://127.0.0.1</link>
    <description>Caso práctico extendido 1 Integración de un canal RSS en la pagina web</description>
    <language>es</language>

    <image>
      <title>Caso práctico extendido 1 Unidad 3</title>
      <url>images/cpe1.png</url>
      <link>http://127.0.0.1/UD3/</link>
      <width>30</width>
      <height>15</height>
      <description>Caso práctico 3 Creación de un canal RSS</description>
    </image>

    <item>
       <title>Punto1</title>
       <link>http://www.aemet.es/es/eltiempo/prediccion/municipios/tavernes-de-la-valldigna-id46238</link>
       <description>Predicción por municipios. Tavernes de la Valldigna</description>
       <guid>http://127.0.0.1/UD3/03</guid>
    </item>  
    <item>
       <title>Item02</title>
       <link>http://127.0.0.1/UD3/CPE1_noticia.html</link>
       <description>Resumen de la noticia</description>
    </item>
    
  </channel>
</rss>